slug,market,city,state,market_type,data_complete,total_msv,core_msv,str_msv,oneoff_msv,str_share_pct,weighted_cpc_usd,competition_index,maps_rank_general,maps_rank_str,gbp_rating,gbp_reviews,gbp_title,pack_median_reviews,pack_max_reviews,pack_avg_rating,strong_competitors_20,organic_rank_city_term,serp_has_local_pack,serp_has_paid,serp_item_types,score_demand,score_commercial_value,score_str_wedge,score_competitive_headroom,score_visibility_gap,score_review_deficit,score_potential,score_headroom,opportunity_score,uncaptured_msv,status,model_cpl_usd
phoenix,Phoenix,Phoenix,AZ,territory,True,2440,2060,40,340,1.6,18.86,43.1,,,,,,9,58,4.42,4,,True,False,local_pack|people_also_ask|organic|related_searches,81.4,40.6,8.0,100.0,100.0,100.0,58.1,100.0,58.1,2440,LAUNCH,188.6
chicago,Chicago,Chicago,IL,territory,True,3970,3280,40,650,1.0,11.13,30,,,,,,140,566,4.84,5,,True,True,local_pack|organic|people_also_ask|perspectives|paid|related_searches,93.0,12.8,5.0,72.8,100.0,100.0,59.5,89.1,53.0,3970,LAUNCH,111.3
atlanta,Atlanta,Atlanta,GA,territory,True,2250,1780,50,420,2.2,12.84,32.3,,,,,,89,221,4.84,2,,True,False,local_pack|organic|people_also_ask|related_searches,79.5,18.9,11.0,83.4,100.0,100.0,52.7,93.3,49.2,2250,LAUNCH,128.4
san-francisco,San Francisco,San Francisco,CA,territory,True,2030,1700,20,310,1.0,13.8,29.9,,,,,,56,663,4.83,3,,True,False,local_pack|people_also_ask|organic|related_searches,77.0,22.4,5.0,90.2,100.0,100.0,51.1,96.1,49.1,2030,LAUNCH,138.0
san-antonio,San Antonio,San Antonio,TX,territory,True,2030,1660,30,340,1.5,13.56,39,,,,,,98,340,4.95,9,,True,False,local_pack|people_also_ask|organic|related_searches,77.0,21.5,7.5,81.5,100.0,100.0,51.2,92.6,47.4,2030,LAUNCH,135.6
miami,Miami,Miami,FL,territory,True,1960,1700,50,210,2.6,7.58,29.9,,,,,,23,275,4.8,6,,True,False,local_pack|people_also_ask|organic|related_searches,76.2,0.0,13.0,97.1,100.0,100.0,47.2,98.8,46.6,1960,LAUNCH,75.8
charlotte,Charlotte,Charlotte,NC,territory,True,1600,1260,30,310,1.9,16.41,30.4,,,,,,121,454,4.8,5,,True,False,local_pack|organic|people_also_ask|related_searches,71.3,31.8,9.5,76.7,100.0,100.0,49.5,90.7,44.9,1600,LAUNCH,164.1
philadelphia,Philadelphia,Philadelphia,PA,territory,True,1900,1560,20,320,1.1,9.61,24.4,,10,4.8,130,MaidThis Cleaning of Philadelphia,105,221,4.94,5,,True,False,local_pack|people_also_ask|organic|related_searches,75.4,7.3,5.5,80.0,100.0,89.4,47.3,90.4,42.7,1900,LAUNCH,96.1
tampa,Tampa,Tampa,FL,territory,True,1260,1070,30,160,2.4,11.62,34.2,,,,,,57,372,4.82,4,,True,False,local_pack|people_also_ask|organic|related_searches,65.7,14.5,12.0,90.0,100.0,100.0,43.0,96.0,41.2,1260,LAUNCH,116.2
baltimore,Baltimore,Baltimore,MD,territory,True,1320,1070,20,230,1.5,13.69,32,14,9,4.9,561,MaidThis Cleaning of Baltimore,32,379,4.88,4,,True,False,local_pack|organic|people_also_ask|related_searches,66.8,22.0,7.5,95.2,90.0,54.4,44.5,86.7,38.6,1188,FIX,136.9
los-angeles,Los Angeles (corporate),Los Angeles,CA,corporate,True,5330,4370,90,870,1.7,13.91,24.2,2,6,4.6,109,MaidThis Cleaning Downtown LA,55,212,4.88,1,,True,False,local_pack|organic|people_also_ask|related_searches,100.0,22.8,8.5,90.4,15.0,91.1,67.0,56.6,37.9,800,DEFEND,139.1
losangelesvalley,LA Valley,Los Angeles,CA,territory,True,5330,4370,90,870,1.7,13.91,24.2,2,6,4.6,109,MaidThis Cleaning Downtown LA,55,212,4.88,1,,True,False,local_pack|organic|people_also_ask|people_also_search|related_searches,100.0,22.8,8.5,90.4,15.0,91.1,67.0,56.6,37.9,800,DEFEND,139.1
scottsdale,Scottsdale,Scottsdale,AZ,territory,True,640,500,20,120,3.1,35.38,41.3,,,,,,158,222,4.82,9,,True,False,ai_overview|local_pack|organic|people_also_ask|related_searches,49.5,100.0,15.5,69.0,100.0,100.0,43.2,87.6,37.9,640,LAUNCH,353.8
milwaukee,Milwaukee,Milwaukee,WI,territory,True,780,670,20,90,2.6,15.87,32.1,,,,,,38,478,4.88,2,,True,False,local_pack|people_also_ask|organic|related_searches,54.2,29.8,13.0,94.0,100.0,100.0,37.6,97.6,36.7,780,LAUNCH,158.7
austin,Austin,Austin,TX,territory,True,2450,1990,30,430,1.2,17.0,41.7,,,,,,490,1229,4.92,10,,True,False,local_pack|organic|people_also_ask|related_searches,81.5,33.9,6.0,0.0,100.0,100.0,56.5,60.0,33.9,2450,LAUNCH,170.0
minneapolis,Minneapolis,Minneapolis,MN,territory,True,1220,980,20,220,1.6,11.02,43.1,6,3,4.9,175,MaidThis Cleaning Minneapolis,25,1159,4.88,2,,True,False,local_pack|organic|people_also_ask|related_searches,64.9,12.4,8.0,96.7,60.0,85.8,41.7,78.5,32.8,732,GROW,110.2
pittsburgh,Pittsburgh,Pittsburgh,PA,territory,True,700,560,20,120,2.9,12.48,34.2,,20,5,24,MaidThis Cleaning of Pittsburgh,75,107,4.95,1,,True,False,local_pack|people_also_ask|organic|related_searches,51.7,17.6,14.5,86.3,100.0,98.0,34.4,94.2,32.4,700,LAUNCH,124.8
jersey-hoboken,Jersey City / Hoboken,Jersey City,NJ,territory,True,940,760,20,160,2.1,10.57,25.8,,,,,,196,919,4.76,5,,True,False,local_pack|people_also_ask|organic|related_searches,58.7,10.8,10.5,61.1,100.0,100.0,37.7,84.4,31.8,940,LAUNCH,105.7
boston,Boston,Boston,MA,territory,True,840,660,20,160,2.4,11.41,40,,,,,,208,407,4.92,4,,True,False,local_pack|organic|people_also_ask|related_searches,56.0,13.8,12.0,58.6,100.0,100.0,36.5,83.5,30.5,840,LAUNCH,114.1
denver,Denver,Denver,CO,territory,True,1990,1600,40,350,2.0,16.14,42.6,9,2,4.7,389,MaidThis Cleaning of Denver,318,487,4.78,10,,True,False,local_pack|people_also_ask|organic|related_searches,76.5,30.8,10.0,35.8,60.0,68.3,53.0,51.6,27.3,1194,GROW,161.4
arlington,Arlington,Arlington,VA,territory,True,400,290,20,90,5.0,16.68,53.2,,,,,,56,380,4.78,5,,True,False,local_pack|organic|people_also_ask|related_searches,38.3,32.7,25.0,90.2,100.0,100.0,27.6,96.1,26.5,400,LAUNCH,166.8
mckinney,McKinney,McKinney,TX,territory,True,510,410,20,80,3.9,13.79,52,,,,,,161,544,4.62,4,,True,False,ai_overview|local_pack|organic|people_also_ask|related_searches,44.1,22.3,19.5,68.4,100.0,100.0,30.2,87.4,26.4,510,LAUNCH,137.9
alexandria,Alexandria,Alexandria,VA,territory,True,400,300,20,80,5.0,13.17,43.9,,,,,,59,228,4.7,2,,True,False,local_pack|organic|people_also_ask|related_searches,38.3,20.1,25.0,89.6,100.0,100.0,26.4,95.8,25.3,400,LAUNCH,131.7
durham,Durham,Durham,NC,territory,True,400,300,20,80,5.0,11.48,32.9,,,,,,31,243,4.88,3,,True,False,local_pack|organic|people_also_ask|related_searches,38.3,14.0,25.0,95.4,100.0,100.0,25.8,98.2,25.3,400,LAUNCH,114.8
richmond,Richmond,Richmond,VA,territory,True,460,350,20,90,4.3,13.94,40.6,,,,,,213,252,4.84,8,,True,False,local_pack|organic|people_also_ask|perspectives|related_searches,41.7,22.9,21.5,57.6,100.0,100.0,28.7,83.0,23.8,460,LAUNCH,139.4
katy,Katy,Katy,TX,territory,True,360,280,20,60,5.6,11.06,37.7,,,,,,154,194,4.96,3,,True,False,local_pack|people_also_ask|organic|related_searches,35.8,12.5,28.0,69.9,100.0,100.0,24.1,87.9,21.2,360,LAUNCH,110.6
northatlanta,North Atlanta,Alpharetta,GA,territory,True,270,210,20,40,7.4,22.82,39.4,,20,4.9,68,MaidThis Cleaning of North Atlanta,146,217,4.63,5,,True,False,local_pack|people_also_ask|organic|related_searches,29.0,54.8,37.0,71.5,100.0,94.5,23.0,87.8,20.2,270,LAUNCH,228.2
spring,Spring,Spring,TX,territory,True,370,270,20,80,5.4,12.74,44.5,,,,,,302,468,4.72,7,,False,False,organic|people_also_ask|related_searches,36.5,18.6,27.0,39.1,100.0,100.0,25.1,75.6,18.9,370,LAUNCH,127.4
cincinnati,Cincinnati,Cincinnati,OH,territory,True,680,520,20,140,2.9,16.98,33.8,1,1,4.6,156,MaidThis Cleaning of Cincinnati,97,512,4.5,3,,True,False,ai_overview|local_pack|organic|people_also_ask|perspectives|related_searches,51.0,33.8,14.5,81.7,15.0,87.3,36.0,52.5,18.9,102,DEFEND,169.8
st-petersburg-clearwater,St. Petersburg / Clearwater,St. Petersburg,FL,territory,True,470,360,20,90,4.3,20.89,25.6,2,2,4.8,81,MaidThis Cleaning of St Petersburg-Clearwater,33,855,4.88,3,,True,False,ai_overview|local_pack|organic|people_also_ask|related_searches,42.2,47.9,21.5,95.0,15.0,93.4,31.7,58.8,18.6,70,GROW,208.9
saltlakecity,Salt Lake City,Salt Lake City,UT,territory,True,590,470,20,100,3.4,15.76,49.2,3,1,4.9,127,MaidThis Cleaning of Salt Lake City,92,420,4.84,7,,True,False,local_pack|organic|people_also_ask|related_searches,47.6,29.4,17.0,82.7,15.0,89.7,33.3,53.3,17.7,88,DEFEND,157.6
columbia,Columbia,Columbia,SC,territory,True,300,230,20,50,6.7,8.93,24.5,,,,,,208,541,4.88,4,,True,False,local_pack|organic|people_also_ask|perspectives|related_searches,31.5,4.9,33.5,58.6,100.0,100.0,20.9,83.5,17.4,300,LAUNCH,89.3
west-palm-beach,West Palm Beach,West Palm Beach,FL,territory,True,500,420,20,60,4.0,19.79,33.4,2,2,4.9,629,MaidThis Cleaning West Palm Beach,30,629,4.7,2,,True,False,local_pack|people_also_ask|organic|related_searches,43.6,43.9,20.0,95.6,15.0,48.8,32.3,52.3,16.9,75,DEFEND,197.9
cape-coral,Cape Coral,Cape Coral,FL,territory,True,270,200,20,50,7.4,13.0,29.7,6,4,5,38,MaidThis Cleaning of Cape Coral - Fort Myers,64,272,4.76,3,,True,False,local_pack|people_also_ask|organic|related_searches,29.0,19.5,37.0,88.6,60.0,96.9,20.4,77.0,15.7,162,GROW,130.0
wilmington,Wilmington,Wilmington,NC,territory,True,230,160,20,50,8.7,17.64,49.9,,,,,,267,781,4.74,8,,True,False,local_pack|organic|people_also_ask|discussions_and_forums|related_searches,25.1,36.2,43.5,46.4,100.0,100.0,19.0,78.5,14.9,230,LAUNCH,176.4
nw-austin,Northwest Austin,Cedar Park,TX,territory,True,190,140,20,30,10.5,7.75,61.4,,,,,,181,267,4.68,3,,True,False,local_pack|people_also_ask|organic|discussions_and_forums|related_searches,20.6,0.6,52.5,64.2,100.0,100.0,14.0,85.7,12.0,190,LAUNCH,77.5
myrtle-beach,Myrtle Beach,Myrtle Beach,SC,territory,True,200,150,20,30,10.0,11.5,33.9,4,1,4.8,257,MaidThis Cleaning Myrtle Beach,52,264,4.8,2,,True,False,local_pack|people_also_ask|organic|people_also_search|related_searches,21.8,14.1,50.0,91.1,60.0,79.1,15.5,75.3,11.7,120,GROW,115.0
ne-houston,Northeast Houston,Humble,TX,territory,True,190,140,20,30,10.5,9.73,28.4,6,6,5,32,MaidThis Cleaning of Northeast Houston,64,496,4.76,1,,True,False,local_pack|organic|people_also_ask|related_searches,20.6,7.7,52.5,88.6,60.0,97.4,14.4,77.0,11.1,114,GROW,97.3
chattanooga,Chattanooga,Chattanooga,TN,territory,True,300,240,20,40,6.7,10.93,26.1,3,2,4.9,142,MaidThis Cleaning of Chattanooga,142,276,4.9,4,,True,False,local_pack|people_also_ask|organic|related_searches,31.5,12.1,33.5,72.3,15.0,88.4,21.4,49.0,10.5,45,DEFEND,109.3
henry-county,Henry County,McDonough,GA,territory,True,150,110,20,20,13.3,11.26,19.7,,,,,,70,117,4.82,0,,True,False,local_pack|people_also_ask|organic|related_searches,15.0,13.2,66.5,87.3,100.0,100.0,11.0,94.9,10.4,150,LAUNCH,112.6
flower-mound,Flower Mound,Flower Mound,TX,territory,True,170,120,20,30,11.8,20.92,31,,,,,,363,623,4.92,7,,True,False,local_pack|organic|people_also_ask|related_searches,18.0,48.0,59.0,26.4,100.0,100.0,14.5,70.6,10.2,170,LAUNCH,209.2
east-tampa,East Tampa,Brandon,FL,territory,True,130,90,20,20,15.4,26.35,29.4,,,,,,18,306,4.92,2,,True,False,local_pack|organic|people_also_ask|perspectives|related_searches,11.6,67.5,77.0,98.1,100.0,100.0,10.2,99.3,10.1,130,LAUNCH,263.5
fishers,Fishers,Fishers,IN,territory,True,160,120,20,20,12.5,20.65,61.4,1,1,4.7,81,MaidThis Cleaning of Carmel-Fishers,242,454,4.74,7,,True,False,local_pack|people_also_ask|organic|related_searches,16.5,47.0,62.5,51.6,15.0,93.4,13.4,41.4,5.5,24,GROW,206.5
kingofprussia,King of Prussia,King of Prussia,PA,territory,True,100,60,20,20,20.0,21.77,42.5,,10,5,26,MaidThis Cleaning of King of Prussia,81,656,4.86,1,18,True,False,ai_overview|local_pack|organic|people_also_ask|related_searches,5.3,51.0,100.0,85.0,100.0,97.9,4.7,93.7,4.4,100,LAUNCH,217.7
spring-hill,Spring Hill,Spring Hill,TN,territory,True,100,60,20,20,20.0,14.42,39.1,,,,,,17,196,4.96,1,,False,False,ai_overview|organic|people_also_ask|perspectives|related_searches,5.3,24.6,100.0,98.3,100.0,100.0,4.3,99.3,4.3,100,LAUNCH,144.2
nw-sanantonio,Northwest San Antonio,Helotes,TX,territory,True,80,50,10,20,12.5,25.48,49.8,,15,5,87,MaidThis San Antonio,36,215,4.86,8,,True,False,local_pack|organic|people_also_ask|people_also_search|related_searches,0.0,64.4,62.5,94.4,100.0,92.9,0.0,96.7,0.0,80,LAUNCH,254.8
