pod_shape,accounts,price_per_account_usd,pods,people_fte,pod_labour_usd,company_labour_usd,overhead_usd,expert_budget_usd,contingency_usd,delivery_cost_usd,cost_per_account_usd,mrr_usd,arr_usd,gross_profit_usd,gross_margin_pct,breakeven_price_usd,owner_salary_usd,accounts_per_strategist
MINIMAL,40,250,1.0,4.5,4733,5334,2952,1500,1452,15971,399.27,10000,120000,-5971,-59.7,399.27,4273,40.0
MINIMAL,40,300,1.0,4.5,4733,5334,2952,1500,1452,15971,399.27,12000,144000,-3971,-33.1,399.27,4273,40.0
MINIMAL,40,350,1.0,4.5,4733,5334,2952,1500,1452,15971,399.27,14000,168000,-1971,-14.1,399.27,4273,40.0
MINIMAL,40,400,1.0,4.5,4733,5334,2952,1500,1452,15971,399.27,16000,192000,29,0.2,399.27,4273,40.0
MINIMAL,40,450,1.0,4.5,4733,5334,2952,1500,1452,15971,399.27,18000,216000,2029,11.3,399.27,4273,40.0
MINIMAL,40,500,1.0,4.5,4733,5334,2952,1500,1452,15971,399.27,20000,240000,4029,20.1,399.27,4273,40.0
MINIMAL,80,250,2.0,10.5,9466,11312,5053,3000,2883,31714,396.42,20000,240000,-11714,-58.6,396.42,4273,40.0
MINIMAL,80,300,2.0,10.5,9466,11312,5053,3000,2883,31714,396.42,24000,288000,-7714,-32.1,396.42,4273,40.0
MINIMAL,80,350,2.0,10.5,9466,11312,5053,3000,2883,31714,396.42,28000,336000,-3714,-13.3,396.42,4273,40.0
MINIMAL,80,400,2.0,10.5,9466,11312,5053,3000,2883,31714,396.42,32000,384000,286,0.9,396.42,4273,40.0
MINIMAL,80,450,2.0,10.5,9466,11312,5053,3000,2883,31714,396.42,36000,432000,4286,11.9,396.42,4273,40.0
MINIMAL,80,500,2.0,10.5,9466,11312,5053,3000,2883,31714,396.42,40000,480000,8286,20.7,396.42,4273,40.0
MINIMAL,120,250,3.0,13.5,14198,11312,6290,4500,3630,39930,332.75,30000,360000,-9930,-33.1,332.75,4273,40.0
MINIMAL,120,300,3.0,13.5,14198,11312,6290,4500,3630,39930,332.75,36000,432000,-3930,-10.9,332.75,4273,40.0
MINIMAL,120,350,3.0,13.5,14198,11312,6290,4500,3630,39930,332.75,42000,504000,2070,4.9,332.75,4273,40.0
MINIMAL,120,400,3.0,13.5,14198,11312,6290,4500,3630,39930,332.75,48000,576000,8070,16.8,332.75,4273,40.0
MINIMAL,120,450,3.0,13.5,14198,11312,6290,4500,3630,39930,332.75,54000,648000,14070,26.1,332.75,4273,40.0
MINIMAL,120,500,3.0,13.5,14198,11312,6290,4500,3630,39930,332.75,60000,720000,20070,33.4,332.75,4273,40.0
MINIMAL,150,250,3.75,17.75,17748,14785,7794,5625,4595,50546,336.98,37500,450000,-13046,-34.8,336.98,4273,40.0
MINIMAL,150,300,3.75,17.75,17748,14785,7794,5625,4595,50546,336.98,45000,540000,-5546,-12.3,336.98,4273,40.0
MINIMAL,150,350,3.75,17.75,17748,14785,7794,5625,4595,50546,336.98,52500,630000,1954,3.7,336.98,4273,40.0
MINIMAL,150,400,3.75,17.75,17748,14785,7794,5625,4595,50546,336.98,60000,720000,9454,15.8,336.98,4273,40.0
MINIMAL,150,450,3.75,17.75,17748,14785,7794,5625,4595,50546,336.98,67500,810000,16954,25.1,336.98,4273,40.0
MINIMAL,150,500,3.75,17.75,17748,14785,7794,5625,4595,50546,336.98,75000,900000,24454,32.6,336.98,4273,40.0
LEAN,40,250,1.0,5.5,6546,5334,3240,1500,1662,18282,457.05,10000,120000,-8282,-82.8,457.05,4273,40.0
LEAN,40,300,1.0,5.5,6546,5334,3240,1500,1662,18282,457.05,12000,144000,-6282,-52.4,457.05,4273,40.0
LEAN,40,350,1.0,5.5,6546,5334,3240,1500,1662,18282,457.05,14000,168000,-4282,-30.6,457.05,4273,40.0
LEAN,40,400,1.0,5.5,6546,5334,3240,1500,1662,18282,457.05,16000,192000,-2282,-14.3,457.05,4273,40.0
LEAN,40,450,1.0,5.5,6546,5334,3240,1500,1662,18282,457.05,18000,216000,-282,-1.6,457.05,4273,40.0
LEAN,40,500,1.0,5.5,6546,5334,3240,1500,1662,18282,457.05,20000,240000,1718,8.6,457.05,4273,40.0
LEAN,80,250,2.0,12.5,13092,11312,5629,3000,3303,36336,454.2,20000,240000,-16336,-81.7,454.2,4273,40.0
LEAN,80,300,2.0,12.5,13092,11312,5629,3000,3303,36336,454.2,24000,288000,-12336,-51.4,454.2,4273,40.0
LEAN,80,350,2.0,12.5,13092,11312,5629,3000,3303,36336,454.2,28000,336000,-8336,-29.8,454.2,4273,40.0
LEAN,80,400,2.0,12.5,13092,11312,5629,3000,3303,36336,454.2,32000,384000,-4336,-13.6,454.2,4273,40.0
LEAN,80,450,2.0,12.5,13092,11312,5629,3000,3303,36336,454.2,36000,432000,-336,-0.9,454.2,4273,40.0
LEAN,80,500,2.0,12.5,13092,11312,5629,3000,3303,36336,454.2,40000,480000,3664,9.2,454.2,4273,40.0
LEAN,120,250,3.0,16.5,19638,11312,7154,4500,4260,46864,390.54,30000,360000,-16864,-56.2,390.54,4273,40.0
LEAN,120,300,3.0,16.5,19638,11312,7154,4500,4260,46864,390.54,36000,432000,-10864,-30.2,390.54,4273,40.0
LEAN,120,350,3.0,16.5,19638,11312,7154,4500,4260,46864,390.54,42000,504000,-4864,-11.6,390.54,4273,40.0
LEAN,120,400,3.0,16.5,19638,11312,7154,4500,4260,46864,390.54,48000,576000,1136,2.4,390.54,4273,40.0
LEAN,120,450,3.0,16.5,19638,11312,7154,4500,4260,46864,390.54,54000,648000,7136,13.2,390.54,4273,40.0
LEAN,120,500,3.0,16.5,19638,11312,7154,4500,4260,46864,390.54,60000,720000,13136,21.9,390.54,4273,40.0
LEAN,150,250,3.75,21.5,24548,14785,8873,5625,5383,59214,394.76,37500,450000,-21714,-57.9,394.76,4273,40.0
LEAN,150,300,3.75,21.5,24548,14785,8873,5625,5383,59214,394.76,45000,540000,-14214,-31.6,394.76,4273,40.0
LEAN,150,350,3.75,21.5,24548,14785,8873,5625,5383,59214,394.76,52500,630000,-6714,-12.8,394.76,4273,40.0
LEAN,150,400,3.75,21.5,24548,14785,8873,5625,5383,59214,394.76,60000,720000,786,1.3,394.76,4273,40.0
LEAN,150,450,3.75,21.5,24548,14785,8873,5625,5383,59214,394.76,67500,810000,8286,12.3,394.76,4273,40.0
LEAN,150,500,3.75,21.5,24548,14785,8873,5625,5383,59214,394.76,75000,900000,15786,21.0,394.76,4273,40.0
STANDARD,40,250,1.0,6.5,8359,5334,3528,1500,1872,20593,514.84,10000,120000,-10593,-105.9,514.84,4273,40.0
STANDARD,40,300,1.0,6.5,8359,5334,3528,1500,1872,20593,514.84,12000,144000,-8593,-71.6,514.84,4273,40.0
STANDARD,40,350,1.0,6.5,8359,5334,3528,1500,1872,20593,514.84,14000,168000,-6593,-47.1,514.84,4273,40.0
STANDARD,40,400,1.0,6.5,8359,5334,3528,1500,1872,20593,514.84,16000,192000,-4593,-28.7,514.84,4273,40.0
STANDARD,40,450,1.0,6.5,8359,5334,3528,1500,1872,20593,514.84,18000,216000,-2593,-14.4,514.84,4273,40.0
STANDARD,40,500,1.0,6.5,8359,5334,3528,1500,1872,20593,514.84,20000,240000,-593,-3.0,514.84,4273,40.0
STANDARD,80,250,2.0,14.5,16719,11312,6205,3000,3724,40959,511.98,20000,240000,-20959,-104.8,511.98,4273,40.0
STANDARD,80,300,2.0,14.5,16719,11312,6205,3000,3724,40959,511.98,24000,288000,-16959,-70.7,511.98,4273,40.0
STANDARD,80,350,2.0,14.5,16719,11312,6205,3000,3724,40959,511.98,28000,336000,-12959,-46.3,511.98,4273,40.0
STANDARD,80,400,2.0,14.5,16719,11312,6205,3000,3724,40959,511.98,32000,384000,-8959,-28.0,511.98,4273,40.0
STANDARD,80,450,2.0,14.5,16719,11312,6205,3000,3724,40959,511.98,36000,432000,-4959,-13.8,511.98,4273,40.0
STANDARD,80,500,2.0,14.5,16719,11312,6205,3000,3724,40959,511.98,40000,480000,-959,-2.4,511.98,4273,40.0
STANDARD,120,250,3.0,19.5,25078,11312,8017,4500,4891,53798,448.32,30000,360000,-23798,-79.3,448.32,4273,40.0
STANDARD,120,300,3.0,19.5,25078,11312,8017,4500,4891,53798,448.32,36000,432000,-17798,-49.4,448.32,4273,40.0
STANDARD,120,350,3.0,19.5,25078,11312,8017,4500,4891,53798,448.32,42000,504000,-11798,-28.1,448.32,4273,40.0
STANDARD,120,400,3.0,19.5,25078,11312,8017,4500,4891,53798,448.32,48000,576000,-5798,-12.1,448.32,4273,40.0
STANDARD,120,450,3.0,19.5,25078,11312,8017,4500,4891,53798,448.32,54000,648000,202,0.4,448.32,4273,40.0
STANDARD,120,500,3.0,19.5,25078,11312,8017,4500,4891,53798,448.32,60000,720000,6202,10.3,448.32,4273,40.0
STANDARD,150,250,3.75,25.25,31348,14785,9953,5625,6171,67881,452.54,37500,450000,-30381,-81.0,452.54,4273,40.0
STANDARD,150,300,3.75,25.25,31348,14785,9953,5625,6171,67881,452.54,45000,540000,-22881,-50.8,452.54,4273,40.0
STANDARD,150,350,3.75,25.25,31348,14785,9953,5625,6171,67881,452.54,52500,630000,-15381,-29.3,452.54,4273,40.0
STANDARD,150,400,3.75,25.25,31348,14785,9953,5625,6171,67881,452.54,60000,720000,-7881,-13.1,452.54,4273,40.0
STANDARD,150,450,3.75,25.25,31348,14785,9953,5625,6171,67881,452.54,67500,810000,-381,-0.6,452.54,4273,40.0
STANDARD,150,500,3.75,25.25,31348,14785,9953,5625,6171,67881,452.54,75000,900000,7119,9.5,452.54,4273,40.0
PREMIUM,40,250,1.0,7.5,10096,5334,3816,1500,2075,22820,570.51,10000,120000,-12820,-128.2,570.51,4273,40.0
PREMIUM,40,300,1.0,7.5,10096,5334,3816,1500,2075,22820,570.51,12000,144000,-10820,-90.2,570.51,4273,40.0
PREMIUM,40,350,1.0,7.5,10096,5334,3816,1500,2075,22820,570.51,14000,168000,-8820,-63.0,570.51,4273,40.0
PREMIUM,40,400,1.0,7.5,10096,5334,3816,1500,2075,22820,570.51,16000,192000,-6820,-42.6,570.51,4273,40.0
PREMIUM,40,450,1.0,7.5,10096,5334,3816,1500,2075,22820,570.51,18000,216000,-4820,-26.8,570.51,4273,40.0
PREMIUM,40,500,1.0,7.5,10096,5334,3816,1500,2075,22820,570.51,20000,240000,-2820,-14.1,570.51,4273,40.0
PREMIUM,80,250,2.0,16.5,20192,11312,6780,3000,4128,45412,567.65,20000,240000,-25412,-127.1,567.65,4273,40.0
PREMIUM,80,300,2.0,16.5,20192,11312,6780,3000,4128,45412,567.65,24000,288000,-21412,-89.2,567.65,4273,40.0
PREMIUM,80,350,2.0,16.5,20192,11312,6780,3000,4128,45412,567.65,28000,336000,-17412,-62.2,567.65,4273,40.0
PREMIUM,80,400,2.0,16.5,20192,11312,6780,3000,4128,45412,567.65,32000,384000,-13412,-41.9,567.65,4273,40.0
PREMIUM,80,450,2.0,16.5,20192,11312,6780,3000,4128,45412,567.65,36000,432000,-9412,-26.1,567.65,4273,40.0
PREMIUM,80,500,2.0,16.5,20192,11312,6780,3000,4128,45412,567.65,40000,480000,-5412,-13.5,567.65,4273,40.0
PREMIUM,120,250,3.0,22.5,30288,11312,8881,4500,5498,60479,503.99,30000,360000,-30479,-101.6,503.99,4273,40.0
PREMIUM,120,300,3.0,22.5,30288,11312,8881,4500,5498,60479,503.99,36000,432000,-24479,-68.0,503.99,4273,40.0
PREMIUM,120,350,3.0,22.5,30288,11312,8881,4500,5498,60479,503.99,42000,504000,-18479,-44.0,503.99,4273,40.0
PREMIUM,120,400,3.0,22.5,30288,11312,8881,4500,5498,60479,503.99,48000,576000,-12479,-26.0,503.99,4273,40.0
PREMIUM,120,450,3.0,22.5,30288,11312,8881,4500,5498,60479,503.99,54000,648000,-6479,-12.0,503.99,4273,40.0
PREMIUM,120,500,3.0,22.5,30288,11312,8881,4500,5498,60479,503.99,60000,720000,-479,-0.8,503.99,4273,40.0
PREMIUM,150,250,3.75,29.0,37860,14785,11032,5625,6930,76232,508.21,37500,450000,-38732,-103.3,508.21,4273,40.0
PREMIUM,150,300,3.75,29.0,37860,14785,11032,5625,6930,76232,508.21,45000,540000,-31232,-69.4,508.21,4273,40.0
PREMIUM,150,350,3.75,29.0,37860,14785,11032,5625,6930,76232,508.21,52500,630000,-23732,-45.2,508.21,4273,40.0
PREMIUM,150,400,3.75,29.0,37860,14785,11032,5625,6930,76232,508.21,60000,720000,-16232,-27.1,508.21,4273,40.0
PREMIUM,150,450,3.75,29.0,37860,14785,11032,5625,6930,76232,508.21,67500,810000,-8732,-12.9,508.21,4273,40.0
PREMIUM,150,500,3.75,29.0,37860,14785,11032,5625,6930,76232,508.21,75000,900000,-1232,-1.6,508.21,4273,40.0
